{
    "accuracytop1": 0.8430325984954834,
    "accuracytop5": 0.9712159633636475,
    "loss": 0.5593396647031917,
    "ls_all": 0.5593396647031917,
    "ls_CE": 0.5593396647031917,
    "best_epoch": 251.0
}