{
    "accuracytop1": 0.8409734964370728,
    "accuracytop5": 0.9717609882354736,
    "loss": 0.568248568579208,
    "ls_all": 0.568248568579208,
    "ls_CE": 0.568248568579208,
    "best_epoch": 400.0
}