{
    "accuracytop1": 0.8991683721542358,
    "accuracytop5": 0.9872782826423645,
    "loss": 0.3194248847210327,
    "ls_all": 0.3194248847210327,
    "ls_CE": 0.3194248847210327,
    "best_epoch": 383.0
}